{
 "appointments": [
    {
      "_id": "apt-1",
      "doctorId": "doc-1",
      "patientId": "pat-1",
      "date": "2025-01-06",
      "start": "09:00",
      "end": "10:30",
      "type": "Routine Check-up",
      "description": "Routine check-up for heart health.",
      "status": "confirmed"
    },
    {
      "_id": "apt-2",
      "doctorId": "doc-2",
      "patientId": "pat-2",
      "date": "2024-12-17",
      "start": "10:00",
      "end": "10:30",
      "type": "Skin Rash Consultation",
      "description": "Consultation for persistent skin rash.",
      "status": "confirmed"
    },
    {
      "_id": "apt-3",
      "doctorId": "doc-3",
      "patientId": "pat-3",
      "date": "2024-12-18",
      "start": "11:00",
      "end": "11:30",
      "type": "Headache Diagnosis",
      "description": "Diagnosis and treatment plan for chronic headaches.",
      "status": "confirmed"
    },
    {
      "_id": "apt-4",
      "doctorId": "doc-1",
      "patientId": "pat-4",
      "date": "2024-12-19",
      "start": "14:00",
      "end": "14:30",
      "type": "Follow-up Appointment",
      "description": "Follow-up on recent blood pressure tests.",
      "status": "confirmed"
    },
    {
      "_id": "apt-5",
      "doctorId": "doc-4",
      "patientId": "pat-1",
      "date": "2024-12-21",
      "start": "10:30",
      "end": "11:00",
      "type": "Vaccination",
      "description": "Routine pediatric vaccination.",
      "status": "confirmed"
    },
    {
      "_id": "apt-6",
      "doctorId": "doc-5",
      "patientId": "pat-6",
      "date": "2024-12-23",
      "start": "13:00",
      "end": "13:30",
      "type": "Knee Surgery Consultation",
      "description": "Consultation for potential knee surgery.",
      "status": "confirmed"
    },
    {
      "_id": "apt-7",
      "doctorId": "doc-6",
      "patientId": "pat-5",
      "date": "2024-12-24",
      "start": "15:00",
      "end": "15:30",
      "type": "Chemotherapy Session",
      "description": "First session of chemotherapy treatment.",
      "status": "confirmed"
    },
    {
      "_id": "apt-8",
      "doctorId": "doc-7",
      "patientId": "pat-8",
      "date": "2024-12-25",
      "start": "11:30",
      "end": "12:00",
      "type": "Therapy Session",
      "description": "Individual therapy session for anxiety management.",
      "status": "confirmed"
    },
    {
      "_id": "apt-9",
      "doctorId": "doc-8",
      "patientId": "pat-9",
      "date": "2024-12-26",
      "start": "10:30",
      "end": "11:00",
      "type": "MRI Scan",
      "description": "MRI scan for neurological assessment.",
      "status": "confirmed"
    },
    {
      "_id": "apt-10",
      "doctorId": "doc-9",
      "patientId": "pat-10",
      "date": "2024-12-27",
      "start": "09:00",
      "end": "09:30",
      "type": "Orthopedic Surgery Consultation",
      "description": "Consultation for potential shoulder surgery.",
      "status": "confirmed"
    },
    {
      "_id": "apt-11",
      "doctorId": "doc-10",
      "patientId": "pat-13",
      "date": "2024-12-26",
      "start": "09:30",
      "end": "10:30",
      "type": "chronic illness",
      "description": "da",
      "status": "confirmed",
      "patientName": "Rea",
      "gender": "male",
      "age": "13"
    },
    {
      "_id": "apt-12",
      "doctorId": "doc-3",
      "patientId": "pat-14",
      "date": "2024-12-23",
      "start": "08:00",
      "end": "08:30",
      "type": "first visit",
      "description": "uj",
      "status": "confirmed",
      "patientName": "ac",
      "gender": "female",
      "age": "9"
    },
    {
      "_id": "apt-13",
      "doctorId": "doc-11",
      "patientId": "pat-15",
      "date": "2024-12-24",
      "start": "07:00",
      "end": "07:30",
      "type": "first visit",
      "description": "dd",
      "status": "confirmed",
      "patientName": "d",
      "gender": "male",
      "age": "8"
    },
    {
      "_id": "apt-14",
      "doctorId": "doc-11",
      "patientId": "pat-16",
      "date": "2024-12-24",
      "start": "07:00",
      "end": "07:30",
      "type": "follow-up",
      "description": "d",
      "status": "confirmed",
      "patientName": "re",
      "gender": "male",
      "age": "2"
    },
    {
      "_id": "apt-15",
      "doctorId": "doc-1",
      "patientId": "pat-17",
      "date": "2024-12-25",
      "start": "08:00",
      "end": "08:30",
      "type": "chronic illness",
      "description": "adfj",
      "status": "confirmed",
      "patientName": "ao",
      "gender": "male",
      "age": "13"
    },
    {
      "_id": "apt-16",
      "doctorId": "doc-1",
      "patientId": "pat-18",
      "date": "2024-12-25",
      "start": "08:00",
      "end": "08:30",
      "type": "follow-up",
      "description": "ejf",
      "status": "confirmed",
      "patientName": "aA",
      "gender": "male",
      "age": "12"
    },
    {
      "_id": "apt-17",
      "doctorId": "doc-1",
      "patientId": "pat-19",
      "date": "2025-01-09",
      "start": "10:30",
      "end": "11:00",
      "type": "first visit",
      "description": "Info 321",
      "status": "confirmed",
      "patientName": "Kryska Sosiska",
      "gender": "female",
      "age": "21"
    },
    {
      "_id": "apt-18",
      "doctorId": "doc-7",
      "patientId": "pat-19",
      "date": "2025-01-01",
      "start": "10:00",
      "end": "10:30",
      "type": "chronic illness",
      "description": "Пациент кусается, очень больно, ай-ай-ай",
      "status": "confirmed",
      "patientName": "Kryska Sosiska",
      "gender": "female",
      "age": "21"
    },
    {
      "_id": "eb17",
      "doctorId": "doc-1",
      "patientId": "pat-19",
      "date": "2025-01-03",
      "start": "10:00",
      "end": "10:30",
      "type": "first visit",
      "description": "oki, mate",
      "status": "confirmed",
      "patientName": "Kryska Sosiska",
      "gender": "female",
      "age": "21"
    },
    {
      "_id": "1333",
      "doctorId": "doc-1",
      "patientId": "pat-19",
      "date": "2025-01-03",
      "start": "10:30",
      "end": "11:30",
      "type": "follow-up",
      "description": "oi",
      "status": "canceled",
      "patientName": "Kryska Sosiska",
      "gender": "female",
      "age": "21"
    },
    {
      "_id": "02a5",
      "doctorId": "doc-1",
      "patientId": "pat-19",
      "date": "2025-01-03",
      "start": "10:30",
      "end": "11:30",
      "type": "prescription",
      "description": "Oki",
      "status": "canceled",
      "patientName": "Kryska Sosiska",
      "gender": "female",
      "age": "21"
    },
    {
      "_id": "70a9",
      "doctorId": "doc-1",
      "patientId": "pat-19",
      "date": "2025-01-03",
      "start": "10:30",
      "end": "11:00",
      "type": "chronic illness",
      "description": "ADI",
      "status": "canceled",
      "patientName": "Kryska Sosiska",
      "gender": "female",
      "age": "21"
    },
    {
      "_id": "3fdd",
      "doctorId": "doc-1",
      "patientId": "pat-19",
      "date": "2025-01-03",
      "start": "15:30",
      "end": "16:00",
      "type": "prescription",
      "description": "ad",
      "status": "canceled",
      "patientName": "Kryska Sosiska",
      "gender": "female",
      "age": "21"
    },
    {
      "_id": "3d8e",
      "doctorId": "doc-1",
      "patientId": "pat-19",
      "date": "2025-01-03",
      "start": "10:30",
      "end": "11:00",
      "type": "follow-up",
      "description": "ka",
      "status": "canceled",
      "patientName": "Kryska Sosiska",
      "gender": "female",
      "age": "21"
    },
    {
      "_id": "8763",
      "doctorId": "doc-1",
      "patientId": "pat-19",
      "date": "2025-01-03",
      "start": "10:30",
      "end": "11:30",
      "type": "first visit",
      "description": "DDa",
      "status": "canceled",
      "patientName": "Kryska Sosiska",
      "gender": "female",
      "age": "21"
    },
    {
      "_id": "bd9a",
      "doctorId": "doc-1",
      "patientId": "pat-1",
      "date": "2025-01-03",
      "start": "10:30",
      "end": "11:00",
      "type": "first visit",
      "description": "Well, fuck",
      "status": "confirmed",
      "patientName": "Emily Clark",
      "gender": "female",
      "age": "27"
    },
    {
      "_id": "dc28",
      "doctorId": "doc-1",
      "patientId": "pat-19",
      "date": "2025-01-06",
      "start": "10:30",
      "end": "11:00",
      "type": "follow-up",
      "description": "Desc1",
      "status": "canceled"
    },
    {
      "_id": "7941",
      "doctorId": "doc-1",
      "patientId": "pat-19",
      "date": "2025-01-06",
      "start": "10:30",
      "end": "11:00",
      "type": "follow-up",
      "description": "Ao",
      "status": "confirmed",
      "patientName": "Kryska Sosiska",
      "gender": "female",
      "age": "21"
    }
  ]
}
