{
  "doctors": [
    {
      "id": "doc-1",
      "name": "Dr. Alice Johnson",
      "specialty": "Cardiology",
      "availability": {
        "recurring": [
          {
            "day": "monday",
            "startDate": "2024-12-25",
            "endDate": "2025-02-27",
            "timeRanges": [
              {
                "start": "08:00",
                "end": "14:00"
              }
            ]
          },
          {
            "id": null,
            "day": "wednesday",
            "startDate": "2024-12-25",
            "endDate": "2025-02-27",
            "timeRanges": [
              {
                "start": "08:00",
                "end": "14:00"
              },
              {
                "start": "16:00",
                "end": "19:00"
              }
            ]
          },
          {
            "id": null,
            "day": "friday",
            "startDate": "2024-12-25",
            "endDate": "2025-02-27",
            "timeRanges": [
              {
                "start": "10:00",
                "end": "16:00"
              }
            ]
          },
          {
            "id": null,
            "day": "thursday",
            "startDate": "2025-01-02",
            "endDate": "2025-04-02",
            "timeRanges": [
              {
                "start": "06:00",
                "end": "23:00"
              }
            ]
          }
        ],
        "one_time_availabilities": [
          {
            "date": "2025-01-02",
            "timeRanges": [
              {
                "start": "10:00",
                "end": "14:00"
              }
            ]
          },
          {
            "id": null,
            "date": "2025-01-04",
            "timeRanges": [
              {
                "start": "08:00",
                "end": "18:00"
              }
            ]
          }
        ],
        "absences": [
          {
            "startDate": "2024-12-31",
            "endDate": "2024-12-31",
            "reason": "New Year"
          }
        ]
      }
    },
    {
      "id": "doc-2",
      "name": "Dr. Benjamin Lee",
      "specialty": "Dermatology",
      "availability": {
        "recurring": [
          {
            "day": "tuesday",
            "startDate": "2024-12-31",
            "endDate": "2025-03-28",
            "timeRanges": [
              {
                "start": "09:00",
                "end": "17:00"
              }
            ]
          },
          {
            "day": "thursday",
            "startDate": "2024-12-31",
            "endDate": "2025-01-31",
            "timeRanges": [
              {
                "start": "09:00",
                "end": "17:00"
              }
            ]
          },
          {
            "day": "saturday",
            "startDate": "2024-12-31",
            "endDate": "2025-01-28",
            "timeRanges": [
              {
                "start": "09:00",
                "end": "17:00"
              }
            ]
          }
        ],
        "one_time_availabilities": [
          {
            "date": "2024-12-28",
            "timeRanges": [
              {
                "start": "12:00",
                "end": "16:00"
              }
            ]
          }
        ],
        "absences": [
          {
            "date": "2024-12-25"
          }
        ]
      }
    },
    {
      "id": "doc-3",
      "name": "Dr. Catherine Martinez",
      "specialty": "Neurology",
      "availability": {
        "recurring": [
          {
            "day": "monday",
            "timeRanges": [
              {
                "start": "08:00",
                "end": "16:00"
              }
            ]
          },
          {
            "day": "tuesday",
            "timeRanges": [
              {
                "start": "08:00",
                "end": "16:00"
              }
            ]
          },
          {
            "day": "wednesday",
            "timeRanges": [
              {
                "start": "08:00",
                "end": "16:00"
              }
            ]
          },
          {
            "day": "thursday",
            "timeRanges": [
              {
                "start": "08:00",
                "end": "16:00"
              }
            ]
          },
          {
            "day": "friday",
            "timeRanges": [
              {
                "start": "08:00",
                "end": "16:00"
              }
            ]
          }
        ],
        "one_time_availabilities": [
          {
            "date": "2024-12-27",
            "timeRanges": [
              {
                "start": "09:00",
                "end": "12:00"
              }
            ]
          }
        ],
        "absences": [
          {
            "date": "2024-12-22"
          }
        ]
      }
    },
    {
      "id": "doc-4",
      "name": "Dr. Daniel Kim",
      "specialty": "Pediatrics",
      "availability": {
        "recurring": [
          {
            "day": "monday",
            "timeRanges": [
              {
                "start": "09:00",
                "end": "17:00"
              }
            ]
          },
          {
            "day": "tuesday",
            "timeRanges": [
              {
                "start": "09:00",
                "end": "17:00"
              }
            ]
          },
          {
            "day": "thursday",
            "timeRanges": [
              {
                "start": "09:00",
                "end": "17:00"
              }
            ]
          },
          {
            "day": "friday",
            "timeRanges": [
              {
                "start": "09:00",
                "end": "17:00"
              }
            ]
          }
        ],
        "one_time_availabilities": [
          {
            "date": "2024-12-29",
            "timeRanges": [
              {
                "start": "10:00",
                "end": "14:00"
              }
            ]
          }
        ],
        "absences": [
          {
            "date": "2024-12-23"
          }
        ]
      }
    },
    {
      "id": "doc-5",
      "name": "Dr. Eleanor Scott",
      "specialty": "Orthopedics",
      "availability": {
        "recurring": [
          {
            "day": "wednesday",
            "timeRanges": [
              {
                "start": "08:00",
                "end": "16:00"
              }
            ]
          },
          {
            "day": "thursday",
            "timeRanges": [
              {
                "start": "08:00",
                "end": "16:00"
              }
            ]
          },
          {
            "day": "saturday",
            "timeRanges": [
              {
                "start": "08:00",
                "end": "16:00"
              }
            ]
          }
        ],
        "one_time_availabilities": [
          {
            "date": "2024-12-28",
            "timeRanges": [
              {
                "start": "11:00",
                "end": "15:00"
              }
            ]
          }
        ],
        "absences": [
          {
            "date": "2024-12-20"
          }
        ]
      }
    },
    {
      "id": "doc-6",
      "name": "Dr. Frank Wilson",
      "specialty": "Oncology",
      "availability": {
        "recurring": [
          {
            "day": "monday",
            "timeRanges": [
              {
                "start": "10:00",
                "end": "18:00"
              }
            ]
          },
          {
            "day": "tuesday",
            "timeRanges": [
              {
                "start": "10:00",
                "end": "18:00"
              }
            ]
          },
          {
            "day": "friday",
            "timeRanges": [
              {
                "start": "10:00",
                "end": "18:00"
              }
            ]
          }
        ],
        "one_time_availabilities": [
          {
            "date": "2024-12-26",
            "timeRanges": [
              {
                "start": "12:00",
                "end": "16:00"
              }
            ]
          }
        ],
        "absences": [
          {
            "date": "2024-12-24"
          }
        ]
      }
    },
    {
      "id": "doc-7",
      "name": "Dr. Grace Lee",
      "specialty": "Psychiatry",
      "availability": {
        "recurring": [
          {
            "day": "tuesday",
            "startDate": "2025-01-01",
            "endDate": "2025-04-01",
            "timeRanges": [
              {
                "start": "08:00",
                "end": "16:00"
              }
            ]
          },
          {
            "day": "wednesday",
            "startDate": "2025-01-01",
            "endDate": "2025-04-01",
            "timeRanges": [
              {
                "start": "08:00",
                "end": "16:00"
              }
            ]
          },
          {
            "day": "thursday",
            "startDate": "2025-01-01",
            "endDate": "2025-01-15",
            "timeRanges": [
              {
                "start": "08:00",
                "end": "16:00"
              }
            ]
          },
          {
            "id": null,
            "day": "thursday",
            "startDate": "2025-01-16",
            "endDate": "2025-04-01",
            "timeRanges": [
              {
                "start": "08:00",
                "end": "19:00"
              }
            ]
          }
        ],
        "one_time_availabilities": [
          {
            "date": "2024-12-27",
            "timeRanges": [
              {
                "start": "09:00",
                "end": "13:00"
              }
            ]
          }
        ],
        "absences": [
          {
            "date": "2024-12-25"
          }
        ]
      }
    },
    {
      "id": "doc-8",
      "name": "Dr. Henry Adams",
      "specialty": "Radiology",
      "availability": {
        "recurring": [
          {
            "day": "monday",
            "timeRanges": [
              {
                "start": "07:00",
                "end": "15:00"
              }
            ]
          },
          {
            "day": "tuesday",
            "timeRanges": [
              {
                "start": "07:00",
                "end": "15:00"
              }
            ]
          },
          {
            "day": "friday",
            "timeRanges": [
              {
                "start": "07:00",
                "end": "15:00"
              }
            ]
          }
        ],
        "one_time_availabilities": [
          {
            "date": "2024-12-29",
            "timeRanges": [
              {
                "start": "08:00",
                "end": "12:00"
              }
            ]
          }
        ],
        "absences": [
          {
            "date": "2024-12-23"
          }
        ]
      }
    },
    {
      "id": "doc-9",
      "name": "Dr. Isabella Thompson",
      "specialty": "Surgery",
      "availability": {
        "recurring": [
          {
            "day": "wednesday",
            "timeRanges": [
              {
                "start": "09:00",
                "end": "17:00"
              }
            ]
          },
          {
            "day": "thursday",
            "timeRanges": [
              {
                "start": "09:00",
                "end": "17:00"
              }
            ]
          },
          {
            "day": "saturday",
            "timeRanges": [
              {
                "start": "09:00",
                "end": "17:00"
              }
            ]
          }
        ],
        "one_time_availabilities": [
          {
            "date": "2024-12-30",
            "timeRanges": [
              {
                "start": "10:00",
                "end": "14:00"
              }
            ]
          }
        ],
        "absences": [
          {
            "date": "2024-12-22"
          }
        ]
      }
    },
    {
      "id": "doc-10",
      "name": "Dr. Jack White",
      "specialty": "Endocrinology",
      "availability": {
        "recurring": [
          {
            "day": "tuesday",
            "startDate": "2025-01-01",
            "endDate": "2025-04-01",
            "timeRanges": [
              {
                "start": "07:00",
                "end": "15:00"
              }
            ]
          },
          {
            "day": "thursday",
            "startDate": "2025-01-01",
            "endDate": "2025-04-01",
            "timeRanges": [
              {
                "start": "07:00",
                "end": "15:00"
              }
            ]
          },
          {
            "day": "friday",
            "startDate": "2025-01-01",
            "endDate": "2025-04-01",
            "timeRanges": [
              {
                "start": "07:00",
                "end": "15:00"
              }
            ]
          }
        ],
        "one_time_availabilities": [
          {
            "date": "2024-12-28",
            "timeRanges": [
              {
                "start": "08:00",
                "end": "12:00"
              }
            ]
          }
        ],
        "absences": [
          {
            "date": "2024-12-24"
          }
        ]
      }
    },
    {
      "id": "doc-11",
      "name": "Dr. Jack Black",
      "specialty": "Endocrinology",
      "availability": {
        "recurring": [
          {
            "day": "monday",
            "startDate": "2025-01-01",
            "endDate": "2025-04-01",
            "timeRanges": [
              {
                "start": "07:00",
                "end": "15:00"
              }
            ]
          },
          {
            "day": "wednesday",
            "startDate": "2025-01-01",
            "endDate": "2025-04-01",
            "timeRanges": [
              {
                "start": "07:00",
                "end": "15:00"
              }
            ]
          },
          {
            "day": "friday",
            "startDate": "2025-01-01",
            "endDate": "2025-04-01",
            "timeRanges": [
              {
                "start": "07:00",
                "end": "15:00"
              }
            ]
          }
        ],
        "one_time_availabilities": [
          {
            "date": "2024-12-28",
            "timeRanges": [
              {
                "start": "08:00",
                "end": "12:00"
              }
            ]
          }
        ],
        "absences": [
          {
            "date": "2024-12-25"
          }
        ]
      }
    }
  ],
  "appointments": [
    {
      "id": "apt-1",
      "doctorId": "doc-1",
      "patientId": "pat-1",
      "date": "2025-01-06",
      "start": "09:00",
      "end": "10:30",
      "type": "Routine Check-up",
      "description": "Routine check-up for heart health.",
      "status": "confirmed"
    },
    {
      "id": "apt-2",
      "doctorId": "doc-2",
      "patientId": "pat-2",
      "date": "2024-12-17",
      "start": "10:00",
      "end": "10:30",
      "type": "Skin Rash Consultation",
      "description": "Consultation for persistent skin rash.",
      "status": "confirmed"
    },
    {
      "id": "apt-3",
      "doctorId": "doc-3",
      "patientId": "pat-3",
      "date": "2024-12-18",
      "start": "11:00",
      "end": "11:30",
      "type": "Headache Diagnosis",
      "description": "Diagnosis and treatment plan for chronic headaches.",
      "status": "confirmed"
    },
    {
      "id": "apt-4",
      "doctorId": "doc-1",
      "patientId": "pat-4",
      "date": "2024-12-19",
      "start": "14:00",
      "end": "14:30",
      "type": "Follow-up Appointment",
      "description": "Follow-up on recent blood pressure tests.",
      "status": "confirmed"
    },
    {
      "id": "apt-5",
      "doctorId": "doc-4",
      "patientId": "pat-1",
      "date": "2024-12-21",
      "start": "10:30",
      "end": "11:00",
      "type": "Vaccination",
      "description": "Routine pediatric vaccination.",
      "status": "confirmed"
    },
    {
      "id": "apt-6",
      "doctorId": "doc-5",
      "patientId": "pat-6",
      "date": "2024-12-23",
      "start": "13:00",
      "end": "13:30",
      "type": "Knee Surgery Consultation",
      "description": "Consultation for potential knee surgery.",
      "status": "confirmed"
    },
    {
      "id": "apt-7",
      "doctorId": "doc-6",
      "patientId": "pat-5",
      "date": "2024-12-24",
      "start": "15:00",
      "end": "15:30",
      "type": "Chemotherapy Session",
      "description": "First session of chemotherapy treatment.",
      "status": "confirmed"
    },
    {
      "id": "apt-8",
      "doctorId": "doc-7",
      "patientId": "pat-8",
      "date": "2024-12-25",
      "start": "11:30",
      "end": "12:00",
      "type": "Therapy Session",
      "description": "Individual therapy session for anxiety management.",
      "status": "confirmed"
    },
    {
      "id": "apt-9",
      "doctorId": "doc-8",
      "patientId": "pat-9",
      "date": "2024-12-26",
      "start": "10:30",
      "end": "11:00",
      "type": "MRI Scan",
      "description": "MRI scan for neurological assessment.",
      "status": "confirmed"
    },
    {
      "id": "apt-10",
      "doctorId": "doc-9",
      "patientId": "pat-10",
      "date": "2024-12-27",
      "start": "09:00",
      "end": "09:30",
      "type": "Orthopedic Surgery Consultation",
      "description": "Consultation for potential shoulder surgery.",
      "status": "confirmed"
    },
    {
      "id": "apt-11",
      "doctorId": "doc-10",
      "patientId": "pat-13",
      "date": "2024-12-26",
      "start": "09:30",
      "end": "10:30",
      "type": "chronic illness",
      "description": "da",
      "status": "confirmed",
      "patientName": "Rea",
      "gender": "male",
      "age": "13"
    },
    {
      "id": "apt-12",
      "doctorId": "doc-3",
      "patientId": "pat-14",
      "date": "2024-12-23",
      "start": "08:00",
      "end": "08:30",
      "type": "first visit",
      "description": "uj",
      "status": "confirmed",
      "patientName": "ac",
      "gender": "female",
      "age": "9"
    },
    {
      "id": "apt-13",
      "doctorId": "doc-11",
      "patientId": "pat-15",
      "date": "2024-12-24",
      "start": "07:00",
      "end": "07:30",
      "type": "first visit",
      "description": "dd",
      "status": "confirmed",
      "patientName": "d",
      "gender": "male",
      "age": "8"
    },
    {
      "id": "apt-14",
      "doctorId": "doc-11",
      "patientId": "pat-16",
      "date": "2024-12-24",
      "start": "07:00",
      "end": "07:30",
      "type": "follow-up",
      "description": "d",
      "status": "confirmed",
      "patientName": "re",
      "gender": "male",
      "age": "2"
    },
    {
      "id": "apt-15",
      "doctorId": "doc-1",
      "patientId": "pat-17",
      "date": "2024-12-25",
      "start": "08:00",
      "end": "08:30",
      "type": "chronic illness",
      "description": "adfj",
      "status": "confirmed",
      "patientName": "ao",
      "gender": "male",
      "age": "13"
    },
    {
      "id": "apt-16",
      "doctorId": "doc-1",
      "patientId": "pat-18",
      "date": "2024-12-25",
      "start": "08:00",
      "end": "08:30",
      "type": "follow-up",
      "description": "ejf",
      "status": "confirmed",
      "patientName": "aA",
      "gender": "male",
      "age": "12"
    },
    {
      "id": "apt-17",
      "doctorId": "doc-1",
      "patientId": "pat-19",
      "date": "2025-01-09",
      "start": "10:30",
      "end": "11:00",
      "type": "first visit",
      "description": "Info 321",
      "status": "confirmed",
      "patientName": "Kryska Sosiska",
      "gender": "female",
      "age": "21"
    },
    {
      "id": "apt-18",
      "doctorId": "doc-7",
      "patientId": "pat-19",
      "date": "2025-01-01",
      "start": "10:00",
      "end": "10:30",
      "type": "chronic illness",
      "description": "Пациент кусается, очень больно, ай-ай-ай",
      "status": "confirmed",
      "patientName": "Kryska Sosiska",
      "gender": "female",
      "age": "21"
    },
    {
      "id": "eb17",
      "doctorId": "doc-1",
      "patientId": "pat-19",
      "date": "2025-01-03",
      "start": "10:00",
      "end": "10:30",
      "type": "first visit",
      "description": "oki, mate",
      "status": "confirmed",
      "patientName": "Kryska Sosiska",
      "gender": "female",
      "age": "21"
    },
    {
      "id": "1333",
      "doctorId": "doc-1",
      "patientId": "pat-19",
      "date": "2025-01-03",
      "start": "10:30",
      "end": "11:30",
      "type": "follow-up",
      "description": "oi",
      "status": "canceled",
      "patientName": "Kryska Sosiska",
      "gender": "female",
      "age": "21"
    },
    {
      "id": "02a5",
      "doctorId": "doc-1",
      "patientId": "pat-19",
      "date": "2025-01-03",
      "start": "10:30",
      "end": "11:30",
      "type": "prescription",
      "description": "Oki",
      "status": "canceled",
      "patientName": "Kryska Sosiska",
      "gender": "female",
      "age": "21"
    },
    {
      "id": "70a9",
      "doctorId": "doc-1",
      "patientId": "pat-19",
      "date": "2025-01-03",
      "start": "10:30",
      "end": "11:00",
      "type": "chronic illness",
      "description": "ADI",
      "status": "canceled",
      "patientName": "Kryska Sosiska",
      "gender": "female",
      "age": "21"
    },
    {
      "id": "3fdd",
      "doctorId": "doc-1",
      "patientId": "pat-19",
      "date": "2025-01-03",
      "start": "15:30",
      "end": "16:00",
      "type": "prescription",
      "description": "ad",
      "status": "canceled",
      "patientName": "Kryska Sosiska",
      "gender": "female",
      "age": "21"
    },
    {
      "id": "3d8e",
      "doctorId": "doc-1",
      "patientId": "pat-19",
      "date": "2025-01-03",
      "start": "10:30",
      "end": "11:00",
      "type": "follow-up",
      "description": "ka",
      "status": "canceled",
      "patientName": "Kryska Sosiska",
      "gender": "female",
      "age": "21"
    },
    {
      "id": "8763",
      "doctorId": "doc-1",
      "patientId": "pat-19",
      "date": "2025-01-03",
      "start": "10:30",
      "end": "11:30",
      "type": "first visit",
      "description": "DDa",
      "status": "canceled",
      "patientName": "Kryska Sosiska",
      "gender": "female",
      "age": "21"
    },
    {
      "id": "bd9a",
      "doctorId": "doc-1",
      "patientId": "pat-1",
      "date": "2025-01-03",
      "start": "10:30",
      "end": "11:00",
      "type": "first visit",
      "description": "Well, fuck",
      "status": "confirmed",
      "patientName": "Emily Clark",
      "gender": "female",
      "age": "27"
    }
  ],
  "patients": [
    {
      "id": "pat-1",
      "name": "Emily Clark",
      "appointments": [
        "apt-1",
        "apt-5",
        "bd9a"
      ],
      "gender": "female",
      "age": "27"
    },
    {
      "id": "pat-2",
      "name": "James Brown",
      "appointments": [
        "apt-2"
      ],
      "gender": "male",
      "age": "32"
    },
    {
      "id": "pat-3",
      "name": "Olivia Davis",
      "appointments": [
        "apt-3"
      ],
      "gender": "female",
      "age": "43"
    },
    {
      "id": "pat-4",
      "name": "Liam Wilson",
      "appointments": [
        "apt-4"
      ],
      "gender": "male",
      "age": "65"
    },
    {
      "id": "pat-5",
      "name": "Sophia Martinez",
      "appointments": [
        "apt-5",
        "apt-7"
      ],
      "gender": "female",
      "age": "33"
    },
    {
      "id": "pat-6",
      "name": "Noah Anderson",
      "appointments": [
        "apt-6"
      ],
      "gender": "male",
      "age": "21"
    },
    {
      "id": "pat-7",
      "name": "Ava Thomas",
      "appointments": [
        "apt-7"
      ],
      "gender": "female",
      "age": "43"
    },
    {
      "id": "pat-8",
      "name": "Isabella Taylor",
      "appointments": [
        "apt-8"
      ],
      "gender": "female",
      "age": "29"
    },
    {
      "id": "pat-9",
      "name": "Mason Moore",
      "appointments": [
        "apt-9"
      ],
      "gender": "male",
      "age": "22"
    },
    {
      "id": "pat-10",
      "name": "Mia Jackson",
      "appointments": [
        "apt-10"
      ],
      "gender": "female",
      "age": "19"
    },
    {
      "id": "pat-11",
      "name": "ADAF",
      "appointments": [
        "apt-11"
      ],
      "gender": "male",
      "age": "31"
    },
    {
      "id": "pat-12",
      "name": "313",
      "appointments": [
        "apt-12"
      ],
      "gender": "male",
      "age": "13"
    },
    {
      "id": "pat-13",
      "name": "Rea",
      "appointments": [
        "apt-11"
      ],
      "gender": "male",
      "age": "13"
    },
    {
      "id": "pat-14",
      "name": "ac",
      "appointments": [
        "apt-12"
      ],
      "gender": "female",
      "age": "9"
    },
    {
      "id": "pat-15",
      "name": "d",
      "appointments": [
        "apt-13"
      ],
      "gender": "male",
      "age": "8"
    },
    {
      "id": "pat-16",
      "name": "re",
      "appointments": [
        "apt-14"
      ],
      "gender": "male",
      "age": "2"
    },
    {
      "id": "pat-17",
      "name": "ao",
      "appointments": [
        "apt-15"
      ],
      "gender": "male",
      "age": "13"
    },
    {
      "id": "pat-18",
      "name": "aA",
      "appointments": [
        "apt-16"
      ],
      "gender": "male",
      "age": "12"
    },
    {
      "id": "pat-19",
      "name": "Kryska Sosiska",
      "appointments": [
        "apt-17",
        "apt-18",
        "apt-19",
        "apt-19",
        "apt-20",
        "apt-21",
        "apt-22",
        "ed6c",
        "52c9",
        "2fea",
        "2a46",
        "fb82",
        "6ea2",
        "ce81",
        "5ea5",
        "ed01",
        "d274",
        "baab",
        "e17e",
        "3e1b",
        "4554",
        "5bb8",
        "270b",
        "3a58",
        "0e4c",
        "eb17",
        "1333",
        "02a5",
        "d289",
        "3d8e",
        "8763"
      ],
      "gender": "female",
      "age": "21"
    }
  ],
  "specialties": [
    {
      "name": "Cardiology",
      "color": "#EEDD33",
      "id": "92c4"
    },
    {
      "name": "Dermatology",
      "color": "#AB44CE",
      "id": "70ad"
    },
    {
      "name": "Neurology",
      "color": "#00BFFF",
      "id": "b967"
    },
    {
      "name": "Pediatrics",
      "color": "#FF69B4",
      "id": "5a5b"
    },
    {
      "name": "Orthopedics",
      "color": "#32CD32",
      "id": "6afc"
    },
    {
      "name": "Oncology",
      "color": "#FF4500",
      "id": "0fa8"
    },
    {
      "name": "Psychiatry",
      "color": "#8A2BE2",
      "id": "71f0"
    },
    {
      "name": "Radiology",
      "color": "#FFD700",
      "id": "477a"
    },
    {
      "name": "Surgery",
      "color": "#DC143C",
      "id": "229d"
    },
    {
      "name": "Endocrinology",
      "color": "#1E90FF",
      "id": "dc08"
    }
  ]
}