{

  "patients": [
    {
      "_id": "pat-1",
      "name": "Emily Clark",
      "appointments": [
        "apt-1",
        "apt-5",
        "bd9a"
      ],
      "gender": "female",
      "age": "27"
    },
    {
      "_id": "pat-2",
      "name": "James Brown",
      "appointments": [
        "apt-2"
      ],
      "gender": "male",
      "age": "32"
    },
    {
      "_id": "pat-3",
      "name": "Olivia Davis",
      "appointments": [
        "apt-3"
      ],
      "gender": "female",
      "age": "43"
    },
    {
      "_id": "pat-4",
      "name": "Liam Wilson",
      "appointments": [
        "apt-4"
      ],
      "gender": "male",
      "age": "65"
    },
    {
      "_id": "pat-5",
      "name": "Sophia Martinez",
      "appointments": [
        "apt-5",
        "apt-7"
      ],
      "gender": "female",
      "age": "33"
    },
    {
      "_id": "pat-6",
      "name": "Noah Anderson",
      "appointments": [
        "apt-6"
      ],
      "gender": "male",
      "age": "21"
    },
    {
      "_id": "pat-7",
      "name": "Ava Thomas",
      "appointments": [
        "apt-7"
      ],
      "gender": "female",
      "age": "43"
    },
    {
      "_id": "pat-8",
      "name": "Isabella Taylor",
      "appointments": [
        "apt-8"
      ],
      "gender": "female",
      "age": "29"
    },
    {
      "_id": "pat-9",
      "name": "Mason Moore",
      "appointments": [
        "apt-9"
      ],
      "gender": "male",
      "age": "22"
    },
    {
      "_id": "pat-10",
      "name": "Mia Jackson",
      "appointments": [
        "apt-10"
      ],
      "gender": "female",
      "age": "19"
    },
    {
      "_id": "pat-11",
      "name": "ADAF",
      "appointments": [
        "apt-11"
      ],
      "gender": "male",
      "age": "31"
    },
    {
      "_id": "pat-12",
      "name": "313",
      "appointments": [
        "apt-12"
      ],
      "gender": "male",
      "age": "13"
    },
    {
      "_id": "pat-13",
      "name": "Rea",
      "appointments": [
        "apt-11"
      ],
      "gender": "male",
      "age": "13"
    },
    {
      "_id": "pat-14",
      "name": "ac",
      "appointments": [
        "apt-12"
      ],
      "gender": "female",
      "age": "9"
    },
    {
      "_id": "pat-15",
      "name": "d",
      "appointments": [
        "apt-13"
      ],
      "gender": "male",
      "age": "8"
    },
    {
      "_id": "pat-16",
      "name": "re",
      "appointments": [
        "apt-14"
      ],
      "gender": "male",
      "age": "2"
    },
    {
      "_id": "pat-17",
      "name": "ao",
      "appointments": [
        "apt-15"
      ],
      "gender": "male",
      "age": "13"
    },
    {
      "_id": "pat-18",
      "name": "aA",
      "appointments": [
        "apt-16"
      ],
      "gender": "male",
      "age": "12"
    },
    {
      "_id": "pat-19",
      "name": "Kryska Sosiska",
      "appointments": [
        "apt-17",
        "apt-18",
        "apt-19",
        "apt-19",
        "apt-20",
        "apt-21",
        "apt-22",
        "ed6c",
        "52c9",
        "2fea",
        "2a46",
        "fb82",
        "6ea2",
        "ce81",
        "5ea5",
        "ed01",
        "d274",
        "baab",
        "e17e",
        "3e1b",
        "4554",
        "5bb8",
        "270b",
        "3a58",
        "0e4c",
        "eb17",
        "1333",
        "02a5",
        "d289",
        "3d8e",
        "8763",
        "dc28",
        "7941"
      ],
      "gender": "female",
      "age": "21"
    }
  ]
}
